,test_loss,test_accuracy,test_macro_f1,test_precision_0,test_precision_1,test_recall_0,test_recall_1,test_f1_0,test_f1_1
0,0.3230348229408264,0.8658776879310608,0.8658693432807922,0.8842315077781677,0.847953200340271,0.850287914276123,0.8823529481887817,0.8669275641441345,0.86481112241745
1,0.3860386908054352,0.85108482837677,0.8510847091674805,0.8760162591934204,0.8275862336158752,0.8272552490234375,0.8762677311897278,0.8509377837181091,0.851231575012207
2,0.39278337359428406,0.8530572056770325,0.8529529571533203,0.8991416096687317,0.8138686418533325,0.8042226433753967,0.9046652913093567,0.8490374684333801,0.8568683862686157
3,0.31813377141952515,0.8767258524894714,0.8767247796058655,0.9040816426277161,0.8511450290679932,0.850287914276123,0.9046652913093567,0.8763600587844849,0.8770895004272461
4,0.37405234575271606,0.8264299631118774,0.8264056444168091,0.8415841460227966,0.8113948702812195,0.8157389760017395,0.8377282023429871,0.8284600377082825,0.8243513107299805
