,test_loss,test_accuracy,test_macro_f1,test_precision_0,test_precision_1,test_recall_0,test_recall_1,test_f1_0,test_f1_1
0,0.3603786528110504,0.8303747773170471,0.8300832509994507,0.8869179487228394,0.7850799560546875,0.767754316329956,0.8965517282485962,0.8230452537536621,0.8371212482452393
1,0.3682917654514313,0.8688362836837769,0.8687288761138916,0.9181034564971924,0.8272727131843567,0.8176583647727966,0.9229208827018738,0.8649746179580688,0.8724831938743591
2,0.350092351436615,0.857988178730011,0.8579792976379395,0.8762475252151489,0.8401559591293335,0.8426103591918945,0.8742393255233765,0.859099805355072,0.8568588495254517
3,0.47761741280555725,0.8333333134651184,0.8333202600479126,0.850597620010376,0.81640625,0.8195777535438538,0.8478701710700989,0.8347996473312378,0.8318408131599426
4,0.33182698488235474,0.8757396340370178,0.875037670135498,0.973621129989624,0.8073701858520508,0.7792706489562988,0.9776875972747803,0.865671694278717,0.884403645992279
