,test_loss,test_accuracy,test_macro_f1,test_precision_0,test_precision_1,test_recall_0,test_recall_1,test_f1_0,test_f1_1
0,0.3628503382205963,0.8500986099243164,0.8500701189041138,0.8851774334907532,0.818691611289978,0.8138195872306824,0.8884381055831909,0.8480000495910645,0.8521401286125183
1,0.4125346839427948,0.867850124835968,0.867622971534729,0.9290465712547302,0.8188276886940002,0.8042226433753967,0.9350912570953369,0.8621399402618408,0.873106062412262
2,0.3436029553413391,0.867850124835968,0.8672173023223877,0.957446813583374,0.8037225008010864,0.7773512601852417,0.9634888172149658,0.8580508232116699,0.8763837814331055
3,0.323266863822937,0.8639053106307983,0.8637861013412476,0.9136068820953369,0.8221415877342224,0.8119001984596252,0.9188640713691711,0.8597561717033386,0.8678160905838013
4,0.33956339955329895,0.8688362836837769,0.868553876876831,0.9349775910377502,0.8169013857841492,0.8003838658332825,0.9411764740943909,0.8624612092971802,0.8746465444564819
