,test_loss,test_accuracy,test_macro_f1,test_precision_0,test_precision_1,test_recall_0,test_recall_1,test_f1_0,test_f1_1
0,0.34380704164505005,0.8500986099243164,0.8500402569770813,0.8900634050369263,0.8151571154594421,0.808061420917511,0.8945233225822449,0.8470824360847473,0.8529980778694153
1,0.3983277976512909,0.8520709872245789,0.8519413471221924,0.9006479382514954,0.8112522959709167,0.8003838658332825,0.906693696975708,0.8475609421730042,0.8563218116760254
2,0.3658958673477173,0.85108482837677,0.8510522246360779,0.8870292901992798,0.8190298676490784,0.8138195872306824,0.8904665112495422,0.8488488793373108,0.853255569934845
3,0.3642817735671997,0.8362919092178345,0.8362913131713867,0.8585858345031738,0.8150289058685303,0.8157389760017395,0.8580121994018555,0.836614191532135,0.8359684348106384
4,0.35093945264816284,0.8540433645248413,0.8534595966339111,0.9347319602966309,0.7948718070983887,0.7696737051010132,0.9432048797607422,0.8442105650901794,0.8627086877822876
