,test_loss,test_accuracy,test_macro_f1,test_precision_0,test_precision_1,test_recall_0,test_recall_1,test_f1_0,test_f1_1
0,0.36290615797042847,0.8629191517829895,0.8617562055587769,0.9775000214576721,0.7882736325263977,0.7504798173904419,0.9817444086074829,0.8490771055221558,0.8744353652000427
1,0.3101576864719391,0.8806706070899963,0.8804938197135925,0.9405286312103271,0.8321428298950195,0.8195777535438538,0.9452332854270935,0.8758974671363831,0.885090172290802
2,0.3927600681781769,0.834319531917572,0.8336977958679199,0.8180180191993713,0.8540304899215698,0.8714011311531067,0.7951318621635437,0.8438661694526672,0.8235294222831726
3,0.3402194082736969,0.8767258524894714,0.8765431642532349,0.9361233711242676,0.8285714387893677,0.8157389760017395,0.9411764740943909,0.8717948794364929,0.8812915086746216
4,0.32029783725738525,0.8698225021362305,0.8695540428161621,0.9351230263710022,0.8183421492576599,0.8023032546043396,0.9411764740943909,0.8636363744735718,0.8754717111587524
