,test_loss,test_accuracy,test_macro_f1,test_precision_0,test_precision_1,test_recall_0,test_recall_1,test_f1_0,test_f1_1
0,0.38798585534095764,0.8392505049705505,0.8388742804527283,0.9031531810760498,0.7894737124443054,0.7696737051010132,0.912778913974762,0.831088125705719,0.8466604351997375
1,0.36602669954299927,0.8303747773170471,0.830054759979248,0.8249534368515015,0.8364779949188232,0.850287914276123,0.8093306422233582,0.8374291658401489,0.8226804137229919
2,0.38006770610809326,0.8540433645248413,0.8538591861724854,0.9080962538719177,0.809694766998291,0.7965450882911682,0.9148073196411133,0.8486707210540771,0.8590476512908936
3,0.3890896141529083,0.8264299631118774,0.8261025547981262,0.8212290406227112,0.8322851061820984,0.8464491367340088,0.8052738308906555,0.8336484432220459,0.8185566663742065
4,0.38343071937561035,0.8303747773170471,0.8301104307174683,0.8273921012878418,0.8336798548698425,0.8464491367340088,0.8133874535560608,0.8368121385574341,0.8234086632728577
