,test_loss,test_accuracy,test_macro_f1,test_precision_0,test_precision_1,test_recall_0,test_recall_1,test_f1_0,test_f1_1
0,0.3314841389656067,0.874753475189209,0.8745864629745483,0.9320175647735596,0.8279569745063782,0.8157389760017395,0.9371196627616882,0.870010256767273,0.8791626691818237
1,0.39859920740127563,0.8520709872245789,0.8516184091567993,0.8378870487213135,0.8688172101974487,0.8829174637794495,0.81947261095047,0.8598131537437439,0.8434237241744995
2,0.38112905621528625,0.864891529083252,0.8648335933685303,0.9067796468734741,0.8284133076667786,0.8214971423149109,0.9107505083084106,0.8620343208312988,0.8676328659057617
3,0.34076064825057983,0.8520709872245789,0.8520703911781311,0.8747474551200867,0.8304431438446045,0.8310940265655518,0.8742393255233765,0.8523621559143066,0.8517786264419556
4,0.34610116481781006,0.8757396340370178,0.8751099705696106,0.9691211581230164,0.8094435334205627,0.7831094264984131,0.9736308455467224,0.8662420511245728,0.8839778900146484
