,test_loss,test_accuracy,test_macro_f1,test_precision_0,test_precision_1,test_recall_0,test_recall_1,test_f1_0,test_f1_1
0,0.47542884945869446,0.8096646666526794,0.8096333742141724,0.8416666388511658,0.7808988690376282,0.7754318714141846,0.8458417654037476,0.8071927428245544,0.8120739459991455
1,0.48733460903167725,0.814595639705658,0.8145949244499207,0.8363636136054993,0.7938342690467834,0.7946256995201111,0.8356997966766357,0.8149605989456177,0.8142292499542236
2,0.5706340670585632,0.6834319233894348,0.6617003679275513,0.6333333253860474,0.8257575631141663,0.9117082357406616,0.44219067692756653,0.7474429607391357,0.575957715511322
3,0.5127101540565491,0.7149901390075684,0.7020906209945679,0.6647727489471436,0.8290322422981262,0.8982725739479065,0.5212981700897217,0.7640816569328308,0.6400996446609497
4,0.4345968961715698,0.8155818581581116,0.8155027031898499,0.8249027132987976,0.8059999942779541,0.8138195872306824,0.8174442052841187,0.8193236589431763,0.8116817474365234
