,test_loss,test_accuracy,test_macro_f1,test_precision_0,test_precision_1,test_recall_0,test_recall_1,test_f1_0,test_f1_1
0,0.45721158385276794,0.817554235458374,0.8168472051620483,0.8906976580619812,0.7636986374855042,0.7351247668266296,0.9046652913093567,0.8054679036140442,0.8282265067100525
1,0.515503466129303,0.8126232624053955,0.8123598098754883,0.8637362718582153,0.771019697189331,0.7543185949325562,0.8742393255233765,0.8053278923034668,0.819391667842865
2,0.48153266310691833,0.7672584056854248,0.7662070393562317,0.7540106773376465,0.7836644649505615,0.8119001984596252,0.7200811505317688,0.7818854451179504,0.7505286335945129
3,0.43852365016937256,0.7889546155929565,0.7887170314788818,0.7912713289260864,0.7864476442337036,0.8003838658332825,0.7768762707710266,0.7958014607429504,0.781632661819458
4,0.4579790234565735,0.7810651063919067,0.7803952693939209,0.7723132967948914,0.7913978695869446,0.8138195872306824,0.7464503049850464,0.7925233840942383,0.7682672142982483
