,test_loss,test_accuracy,test_macro_f1,test_precision_0,test_precision_1,test_recall_0,test_recall_1,test_f1_0,test_f1_1
0,0.4594559371471405,0.8057199120521545,0.8056653141975403,0.8403361439704895,0.7750929594039917,0.767754316329956,0.8458417654037476,0.8024072647094727,0.8089233636856079
1,0.43300861120224,0.807692289352417,0.8075348138809204,0.8512930870056152,0.7709090709686279,0.7581573724746704,0.860040545463562,0.8020304441452026,0.813039243221283
2,0.46202680468559265,0.817554235458374,0.8172255754470825,0.8733333349227905,0.7730496525764465,0.7543185949325562,0.8843813538551331,0.809474766254425,0.82497638463974
3,0.45265957713127136,0.7820512652397156,0.7815819978713989,0.7777777910232544,0.7869198322296143,0.8061420321464539,0.7565922737121582,0.7917059659957886,0.771458089351654
4,1.4201189279556274,0.64891517162323,0.6454670429229736,0.7099236845970154,0.6103059649467468,0.5355086326599121,0.7687626481056213,0.6105032563209534,0.6804308891296387
