,test_loss,test_accuracy,test_macro_f1,test_precision_0,test_precision_1,test_recall_0,test_recall_1,test_f1_0,test_f1_1
0,0.7488391399383545,0.7435897588729858,0.7384607195854187,0.8717948794364929,0.6757164597511292,0.5873320698738098,0.9087221026420593,0.7018349170684814,0.775086522102356
